Y;X1;X2;X3
295.69472298164317;26.865773847356767;50.73467519693449;22.797536293607813
617.890076214314;79.77850453781673;98.34924346672031;55.014423689902145
709.5125046227799;74.94378699548595;59.78360945036003;18.165337348503986
454.68765256426695;95.45132315851178;16.715250124777548;29.64170018237231
-106.4625182631477;44.49691808390149;2.848790965761705;42.383783468299065
159.52696759089264;14.721692549739773;37.36680697180299;23.203414722853044
-58.38836484699468;20.771581066150567;28.863132401270942;33.57633191372169
-111.35264863099644;61.36921535658759;50.3968841085614;90.16254828167679
-620.7002691500003;45.70172483145474;1.6359561480350338;86.31715437386653
510.1362612506741;7.869451688183926;90.23051454007317;10.16270264178577
672.9470016505682;33.113360647789804;96.5730241311202;20.58536886722544
75.58083361438693;48.187506347050224;17.047903972358625;40.54305143433137
29.98742172235373;13.46935057197034;28.424740321612685;29.422439116728462
134.05516684267707;95.14060464084945;19.7462518164097;60.95994594249976
170.8762316363698;11.368940193365596;71.0109300561583;33.42584267502661
50.432357188152636;65.14356906982526;1.7108635429454178;29.868964045960954
397.88846237201517;80.27328662366719;39.54604448159289;37.42454762496962
215.6724537292823;69.34969276478515;33.04038150093962;38.340806639465555
891.4688259634577;94.26669957830985;66.77656052557882;16.943477567707887
41.379527313363496;98.48731411686448;38.86741168518417;78.69311443866997
-149.68809782554695;4.118015534891429;94.00018474781649;81.21162266881468
-479.1283186152599;46.50588148724382;3.7215304559325757;75.9820184926726
744.4530811001441;79.10752991964925;68.61841353160621;16.553989027192795
81.90240811203493;42.24693716414705;13.782783515622754;33.16160125527118
1.649554164165636;97.39612762650886;28.98832466597999;75.99914779899316
-25.835322339103286;4.217472989848192;87.14452980869281;69.58217951366115
408.3919663717564;87.11117362927432;76.45672759881926;60.829552674798514
687.8121461257518;66.99790550515544;99.01558992533245;38.36477461539253
247.68553236125524;56.47904704486191;46.751195070027364;44.682635707430826
637.8960442721575;90.48761541129522;20.954514265316405;2.9316999099920027
277.78126684810684;79.46182600795213;32.30883709455904;49.7568140372321
792.7142264692013;72.26271700048754;94.09439060688342;25.806247124214575
-155.69919119231884;25.137883036477582;86.85101892054273;94.83260758450744
-372.7095440286879;19.819313239278035;63.05292488444315;92.84218892992335
-709.9534912726756;49.09785686377287;1.796285690381938;98.10952277917673
310.82557331639975;67.22375055304038;70.8037452171463;56.80563926217288
64.65123850014106;85.29965208925127;27.370632454845143;64.35636395893795
288.5107065570215;25.244249493859982;94.14033810631902;53.26294192615494
596.7655958154392;90.77338333496472;68.60260993307959;46.84880890501651
-374.91124837215415;41.993997601858624;24.89081222624192;82.54041633366208
53.64759727805604;72.39881468372221;57.806530903537215;74.63398498590064
672.4628279926649;88.18634224399679;71.60507016902429;41.94493711773993
848.341952945184;80.0876666431427;82.88167382024336;16.459691196277248
773.0623897804405;63.99548686480517;72.99702800244019;9.430085062522641
1098.2132371445032;82.544773327187;91.98181566283081;3.463214783369739
77.22767450298078;68.3405239299206;50.47884227325207;70.52955881271464
70.18814553532091;52.65031832813277;93.18824481950598;91.51483631686891
150.45690478531685;27.05832523160866;56.58374716941387;36.149813717137356
-587.835666571723;16.37926786386362;28.141509509040084;88.44809003014977
219.28218182807285;0.21255528475433438;55.42167242719874;14.736476439230051
39.57541935722266;95.9076978286924;70.74690164751017;99.54244330787598
372.2520984754651;92.59706160229038;90.54775602890109;80.18601498618462
645.6229402744815;30.565832171731667;77.30442918706655;7.468201889017434
291.1373417713878;78.04184025041138;71.13157001802234;67.253093610648
803.9518570686893;76.16950657007403;45.69023784235703;2.6900067795213367
610.1086595195453;70.40814631003373;31.66038266336856;9.908377055795325
-526.3236155844284;58.54768398153652;12.37566467127077;96.09439945546411
73.07115223600535;0.10039370933138114;24.9409311201938;11.33886191929847
-140.06772037090315;41.23685925262948;58.77930007224369;78.45456425238318
132.84573578037975;8.344133623515448;51.0143936766854;33.71096984456082
-55.91467445194204;18.764497481476504;91.56051788292473;75.07594550486981
709.3617632447518;44.85317943146481;84.42823471486534;10.811405832628473
-424.2618894510146;18.321371611744077;46.71390232589109;90.29469730602335
-284.5468452258469;42.077272238364706;51.84799185176774;90.81050786779204
876.5608658503547;83.44965249094231;68.68016523117225;5.772863006044249
354.33883644764325;58.70664809152185;77.24689277427849;55.73964679786874
163.2609520689015;5.286829931806192;52.184028006642656;30.263676532140792
357.7994452468796;37.86753492196643;68.81116205000896;36.88249228059397
309.9161102685849;16.670371998311484;96.04997340044838;44.99079072560305
388.881141162234;77.89061786590449;6.345130781400076;10.694679727781065
429.0531620466661;58.86108471859033;23.651854395087824;15.005543475657124
-505.4049722631469;25.430375319979692;50.2542559015348;99.27818274353018
401.5116583330629;65.68275599131364;64.46235729794955;49.221694285628125
-127.60213429346835;0.19254878329428848;72.78553407273166;64.16286099839972
152.08238547676297;40.771848840595226;78.57444769712133;69.05289025510359
-80.15231701414073;36.18626802082539;9.172323525831205;40.64231401648145
106.9994520223621;0.2661361099189796;82.12002814260669;45.99558113113111
325.2086854708733;75.89567145644267;70.18690113988026;57.791637569269625
-83.45071655687357;45.42337254476416;29.668422351924427;58.162218316831435
-165.12869170978172;0.902165690461465;69.28950374209357;72.42582287168797
-32.23910488664386;79.86078713956766;32.64908212767265;72.54020170774278
277.1036710034331;40.60673903982622;60.22214352235107;39.12421603882746
-99.69243379739986;16.271096044339828;6.1237947822926575;29.95470507603899
77.453776330789;51.32389880406143;20.840738158705573;32.605082043805425
108.59864983160374;7.311360674961542;91.10825418553488;52.380859406537894
165.685104122605;51.32646606830485;79.94512667188181;67.03552344173987
-25.400373664211145;9.230133888607972;92.69542284123867;73.25791105977949
163.16569702308493;56.104487477729215;93.10921921366416;88.58451942607466
113.16232469853553;59.590424411192714;10.045499808950776;33.14565071477852
-631.2629811621122;57.79253035213811;3.3807663933524412;96.87765865916889
656.1945149038672;78.77312504922615;80.28030836576275;34.23854650522195
369.35424564817083;62.77271212645854;46.097267970443255;40.82873378764057
487.05038969195095;42.48316773403037;96.31174042223853;48.716676765835466
442.68868566983156;63.757121305424604;98.24634755692337;61.13438467063324
-272.8763802196521;43.203251550377075;38.35317404412252;86.79481920590227
348.15154902450274;47.3358790601238;19.147906838723838;3.6961386625864123
200.83151864971444;84.31407677156363;92.43566911206437;97.37881696647808
-5.652379078311526;11.733030369679176;62.82420483099794;57.08768040507365
416.861618153823;37.99443109782161;70.83918401041888;30.987567167977836
39.360991357445585;16.962048165665067;43.72738904157335;30.630954847776415
-65.22292941861008;75.36912097778927;15.52222007450671;58.17539606635273
-699.0544408670897;0.6557110793428689;3.19498898380306;78.71687061252047
96.01981034729927;0.5896753556173362;10.514012061853572;1.7634276929075154
-333.95439711557395;35.78012896710657;61.321899056909835;95.71449073737186
494.4856904622163;72.03233711622671;73.50343510494542;42.03413968866377
-275.02029642153974;86.8050402867651;22.87855413325117;93.85588938571566
-169.16405040834752;45.69958050033575;48.58043265222691;73.29778867281101
230.50507090880575;94.26199982486759;53.00021927133093;72.52807094057658
-29.927967128787166;16.26332398189858;12.571676700594814;20.910101326441488
167.3956653927228;66.58864001199173;69.54300089681432;79.42234452904864
-574.3165720881659;33.465023604370046;16.87123973649266;90.92614727818726
156.96949720121785;36.65458421285227;34.16981845837829;35.468890462760484
-136.1235671527964;27.51448353844217;93.70529365667231;95.81801666723918
-246.64789863661844;10.384321564248399;19.661969163715632;44.37788479690832
-457.832063926336;22.546649822542342;7.565319166107609;60.69712193008262
1002.7859881932719;77.5943444707331;79.62245760547488;4.019070106568535
-308.7982297526598;0.9952261212658575;5.467101671914665;40.52315550639758
251.17163756489614;77.33654761435385;41.297576414211576;47.25000399493023
440.6476805171495;42.75618405029016;53.174574329617116;20.097504362307962
468.20504953841;94.49208308814575;27.205712575576126;24.125561301294884
-478.04028061639116;21.61653005761508;59.640432468015746;96.22003886233539
624.6556398173437;76.65009562006617;29.56985261211571;8.186043442215885
172.91995645792053;35.39341833828905;88.57161072595757;68.33819710610001
576.6584544449531;51.75462928094533;80.1833348898897;26.7569791917195
687.4878376177265;41.43401362572964;78.91281909511542;12.95941401367009
189.91947116988337;12.312785150012273;45.73823208354882;27.589321807311062
-54.01188559623098;11.412049023764759;41.323258672558026;38.0491236153466
-305.9154411279024;79.50695101147929;18.007720210303823;90.2234810115608
-60.27535336204917;77.61375387273699;29.54710048310695;71.535219864284
284.730962714675;87.68006977019463;88.07935715265748;90.40288510501765
454.2157894656852;37.77281683795935;82.66195762591441;41.50314557546997
-5.501399593077991;15.959991767499758;72.39280595479072;68.08384708099858
-682.5996276963978;31.64140058534153;17.169946604633157;97.79960640892405
-340.6380599584305;29.04613424996192;4.420497126772826;49.22468684720366
37.24632526492251;42.63280087513957;13.925494031513196;28.147115044486114
-419.47355571257515;34.3652604522857;25.03443228000726;81.26640300976185
-418.44541345470645;9.567670817703622;34.75030196883888;69.46876321370817
-246.12933606426924;54.36569059345068;47.842523294314;85.78298516599997
655.854342677441;38.1159519529283;64.07374375160138;7.375128660547581
-518.86564889541;6.993975668411856;40.3743378745691;85.46851034353901
556.0117180119308;98.69653003148302;6.690275078183216;6.439186476813852
-99.10440297789447;39.051440238722776;54.983580605041816;76.3568052302969
-7.644877345858575;61.291470184789546;67.52858051271839;88.51751915241854
17.2848445912839;59.98714669790376;69.36434461825569;87.91107614184885
-160.45330742953547;19.291121608328133;1.5153449555280973;30.06154515625369
12.323521178839286;43.52205554629981;77.75307162798767;76.24965062971872
-124.77362511203016;0.052432699770776914;58.41891540119245;56.18241922561672
720.3938533818057;66.36826149175803;83.45208237273717;28.627988926127323
202.1449787589369;30.648346017387805;25.8776396086448;11.913646494634843
149.56157875684832;34.394049178562035;18.587616657576323;14.966850986828483
-106.32598389997412;58.80150794041822;41.35804328080229;82.98532999688969
-93.93682529999685;39.17760026067212;41.43440833656486;60.29372293626982
530.1585359524478;23.692878715962074;98.66147322523707;32.40064709955802
-343.3899087338197;42.57336075741984;3.147365423355042;65.26434078784028
815.3769921873688;92.23794837219846;53.370530908866385;17.8506125617251
-404.2285584569846;28.84361932280569;25.51366058613793;79.07660602678469
61.018830525438744;41.00980500738838;79.09099412928381;71.78378769827472
-153.22773046478838;10.145086234118661;81.19859929956196;82.13487814620115
533.6652743304855;94.16935460417794;2.5543204197085334;10.344233703811078
-214.1948997258665;57.37401890008863;46.43832341032565;95.6555770070926
43.89004952916045;64.35738310227931;80.23088715826839;97.62137598039527
354.08114220084616;66.61926006481275;87.08020546359714;63.00559914304343
-529.999419160736;37.603073176037924;22.116051967065474;89.54495950096427
396.2837794160571;86.31335664745497;98.19070742288095;82.11752578223508
798.6321771907852;53.73865084080551;86.7696074794931;18.472811609011508
-308.3158765311371;14.434668748144286;92.91158158264928;99.05830680835545
842.4897172738042;90.17544151969756;70.25545460915541;23.046750819483975
-486.5373653776773;31.727991528139132;12.384987500360989;72.4900535623706
427.63296922663903;9.830252847174714;70.59634548095089;8.369232957916427
75.47646931243122;50.69178594308418;16.643678537819106;30.14853767377339
-87.70576814767465;82.68841805262794;42.15598620318174;82.84559011453577
-11.75812936963105;10.170870491263795;83.43093636279367;68.29443423988378
180.45869446755492;37.629004792497575;52.36889777515824;40.34143148643054
-194.03794105415213;86.84624405140416;8.511869422501828;79.52238460276264
-715.102407406298;22.219000081200633;20.595329874251313;93.07543532550675
-359.4591785102221;4.327559804567082;46.8194094958333;72.88337059012294
371.371530224718;73.68893487429948;80.86347849872833;60.3814493853948
165.48440868133838;31.434915120582353;0.6782575614056263;0.7180124709382563
-44.105829102352615;53.47393731144865;20.809172609655167;45.25144570109195
1020.2196904163355;93.35551461202284;79.87937794082227;15.98325402798837
220.41787013753554;26.211473027941945;21.23505665897256;12.573110058164062
-97.28941611223127;10.217229540673479;33.97840072826887;34.0559084685102
175.96397017573045;20.339158245138066;29.56762525243103;12.85704203810204
631.3557252112547;54.928375172658605;96.81789455842197;41.90707330257689
-274.69391095735585;77.72919912511168;26.9259622036896;88.43454558631711
-406.1702139440576;21.112489994432448;22.299834170142496;66.50038810655546
512.8370909203423;20.828913069901734;89.88164390115408;18.139484513971915
-88.34297903205207;15.658214762923317;7.095424797986727;27.071497700815208
251.75093918696012;50.784522287038435;83.74539567130235;61.480932530126864
-156.51514311510817;25.097215422315834;82.74226493569985;88.04026367580329
-86.55029418915788;64.61048138211525;2.2116955065139554;52.17082456324083
25.84060332429525;53.51636864773505;71.71682623896618;78.97405183162168
220.9515262081958;51.5935266141029;86.76965344291551;65.58963170042966
-423.83184876968846;3.764069304429174;78.92506701857594;95.52545322020362
-332.5143071052621;60.267213996622814;5.723923194204983;76.64976584534529
-257.5484178241609;80.7129688894334;16.59501627493435;92.20884267926427
511.67679900368745;48.64297069647011;48.469932544078695;9.544301352950457
502.4131350332083;27.7147097325387;77.74781207672254;21.88606473868886
-638.5658368387693;23.596937410172668;11.267268039205147;81.62265570341384
-251.60440373294114;0.22646684504809;22.529055329615943;42.07057251655563
3.593097585927268;19.10498823115906;90.09070937096236;75.93327855179658
-2.897784764856567;5.552538285660614;25.086552028137945;27.865430606864983
426.3606870412125;18.033686519341828;87.03911675840895;23.98774006113169
473.3939091901593;80.69167149930351;9.418130864937623;4.619425637148867
207.2805471217012;69.14494429744956;51.5629293669074;62.26005171475178
389.1302496320539;68.8260335052113;61.86978393526634;53.88763574986976
181.69802330711082;55.099496843051995;80.45061119647147;76.34761753267823
46.575380596114144;52.738689874658185;11.438393174201344;36.32138752005567
-97.58144057184796;26.146695213615335;95.86457635253927;94.63521052557049
388.7429492802162;79.21943612996752;3.9354454722703602;13.360222421943835
554.3658140461055;84.09039790642046;21.4636184104265;17.87805046592498
555.2632368571491;62.31056791173884;96.19298810318479;52.176677552019
-396.55887312226804;88.99757619989728;13.970248731319446;97.6498272952363
-574.9724257995912;1.7366862619943468;56.888491761065374;94.231731770657
124.7954276444284;67.21443724194451;19.924116913604685;43.03351599200903
417.3956520009309;90.49866171268035;79.47873543504835;72.3045981840807
-189.24457260219634;43.618441861967085;16.696715587137014;51.646760428179206
-175.956330536076;1.7560345428048185;95.94533534669606;91.11662819796418
528.4660626590015;80.11762672849142;32.989220039271096;14.302285723131414
427.62865822935703;36.71361924510289;43.4832220185148;5.5651536187670825
97.7105376775673;18.419177799755595;92.87156531750885;59.86405334000282
458.7959725574376;30.131584581422423;63.28053791488709;22.02252288465433
360.51594270304474;13.041171950804376;75.39742230912354;21.86294712831317
696.0413330992968;68.6452159616893;91.35404189467478;33.78237912802877
21.5499523564053;42.199211132838364;82.05611811597817;84.41207298030511
190.43314679461076;94.65920401715293;64.41617870958135;79.66071023880792
-703.8988127231665;7.254582368921081;16.482450905742773;88.67963346882068
-54.612462194593746;25.724408643587505;55.1639937563631;64.92517703472416
-32.592572737966876;86.74513889773891;50.623888554656894;96.91405930661678
-131.24804014532265;49.31369359744067;37.83702548011198;68.61751644123694
856.7075356477476;89.07100076354486;38.316068663000344;2.267095205176317
-220.02934692159675;6.671263393274208;36.07148550368965;44.466930371629374
372.7491076634059;62.77652302902597;32.10526253183896;26.64511165700648
-52.3049470171149;54.1473636307069;31.241131047023572;64.9425609903794
204.16923927013914;80.8742290103576;1.6976491535966587;24.96373945977056
57.386481065168155;99.14228734831428;4.831437010836392;53.8908796505687
47.02350665805987;59.471149996183;75.01619379804674;79.86184360995236
203.67098415225004;71.37139154584742;7.791061722379333;28.070532891203914
-156.61142459428703;13.355764218756782;36.40843878004672;53.544714010083574
683.2980622700975;25.571401482673515;88.68683680168708;7.253760714311685
306.52590245397164;41.14953305523942;54.711704830807925;31.79079842474638
339.2735679363742;18.773413796444103;49.92447450963804;17.3572897604808
168.67545912006523;74.71228781504526;27.273232530208947;48.54162278444429
946.1418965931385;65.43818315677974;90.70267310691878;7.439110169166774
-116.21671962292422;84.14382513567497;30.504373120793428;85.28260270003992
494.2491789752294;80.65121503461637;82.08435084749587;57.63516294211911
-495.17986343792745;38.99334705973872;37.192965780852994;95.17767913324813
-118.97698748641247;52.080547882758935;53.28942367316942;78.11453695172801
547.3924470199436;74.84769572424833;97.49997475514772;53.76899268151535
167.86357632438208;67.03061486274457;86.17265967509167;81.6030891830734
-139.0607366345498;34.18945603894537;32.18166087819498;54.839567756898944
96.02907591903902;81.05222061527456;51.348479421578396;77.52294569923312
200.9486662825087;14.009122020883746;87.37820774563416;46.28853832114031
1024.733187711637;84.53126062473986;79.2545006054568;4.848933453830284
651.1495892814426;76.49093769762582;80.43232447995955;35.00080510470832
627.3320177506273;95.06553947252621;40.11345062744982;20.85993051135312
451.0075226337301;80.50257571256017;56.93370370095696;38.79290315812152
135.64944588144877;70.62909174243347;1.5833371818739672;30.368429897180803
627.0833802712991;87.732084501895;17.734171770290175;6.4742937905941105
818.6841020715725;91.33318704820368;38.438096676152334;0.2007656922409229
525.8481734128467;48.74313001210484;81.67052841820737;38.15927685072032
-410.80850386847743;12.890382584053018;39.7995166648454;82.3426462303097
561.4914066245498;31.082887162096718;99.5243339098965;39.61003569732278
908.4268519958396;81.99123847639265;73.8260138726166;7.255655342036505
303.3703737731052;81.03618283759725;45.06627003974728;53.56850632797856
500.37056977865427;69.18354772608923;48.956818223975176;23.319102239392286
388.73102287204273;98.34509992484465;87.95305568490593;89.61395031741002
557.9958879409243;24.730379439590735;85.51147803309406;15.103248397967073
418.78178510395827;14.593168724722805;51.17733163793299;8.345130745264251
-3.554832263657744;66.16645066005778;70.94281594393286;96.08968481668673
154.62702787866044;94.4895076270428;9.66957463583209;48.029958978741924
33.432207307592165;68.9957963054705;24.07838387663729;60.36970631363708
23.444111079007975;72.11091929489083;25.676996035579958;58.099664409929055
-483.9720076215624;16.504213273901847;0.20818643216719002;57.04012154977115
-77.35364781503648;61.68502334810891;10.582026757877205;46.407112751563915
130.84508879072962;85.2750452957266;29.619407081529648;54.34836824662259
329.8487448150185;91.15638210146416;3.864787079195009;32.48473613844421
-300.29474165087527;45.69067573023349;34.69099088344606;79.07522060077137
706.1988112981539;61.320625621014834;88.83209689633537;28.32844850693359
782.2479016189789;95.75351958945494;51.313228006111785;20.385904338126114
520.0198787095767;78.60347283926707;80.31029803886169;52.35266168334112
-118.47092407751822;1.812349151458148;18.114240587267428;29.332369124284575
-287.5165564096588;78.32259110850276;21.11571508193475;95.56666022695649
-372.28118403924634;31.972904750269514;57.4598762521686;91.7299490289836
-127.63700708192704;51.95381264507654;32.13675622518497;61.907916720416445
30.45550105196115;22.215825102925123;73.3136284053515;55.60253157800472
-354.8884034118667;14.155595248422081;4.286156654274864;40.52971983198121
381.59108029418945;40.765921239000804;35.265767452159544;5.947068884488848
63.28699104152429;31.029654332401957;17.411040929720777;31.604598766477523
524.5568119294995;79.69314065131545;42.81594119078801;28.96121059206721
-124.26000980558595;52.23313412553247;6.55473581513959;55.44284451296161
1041.2696975622098;83.27871295694281;90.3627974796287;7.646402311682943
-153.153363510675;62.566419718328184;49.43620817105051;85.57501651913304
927.2151880067667;94.90017524044185;52.78471077130145;2.252880979196481
456.5979437755119;53.993665864357254;85.0749060129764;53.5467589514943
589.9941852614667;14.773954441168346;80.06660800316607;0.32379916814663234
228.09655958704678;56.138941023920964;65.84259436429446;53.37739773027459
-220.35616072215748;86.3500043489616;22.202148977958526;95.20122832191967
528.4336572168926;32.39589599310748;45.821993538486424;0.9736785030826756
-624.0263584807025;30.169938908109085;8.308334807592255;90.2271220090831
-54.30081296685648;79.46853039399053;32.92901307713251;84.56766085257071
-139.38262553034093;56.04775903468483;23.471861179410215;63.0263666499025
-522.6039100465772;66.54144971886346;10.301971750748207;97.55612584914263
253.54826721711197;57.9794884383896;14.511466733124479;20.73859590854611
784.8373051030993;90.46487501754676;86.68648078679357;34.15917804136591
-242.15290434417818;49.485052423424;20.58033135783104;69.3729996975517
162.07003768021107;24.72097665285814;62.04139382859195;44.21994464649155
537.6341335492574;88.57024483981156;96.13641051832016;71.01059404863022
410.88921826571755;70.324330212741;58.72908807998242;44.46042287006551
-151.73208324460893;4.726280008044482;86.75112699571986;85.24203617113783
154.67983505625853;71.8914764795437;21.309589422861997;44.10790633255015
652.541772423561;87.45204156526707;66.39774053414384;31.372437259655594
196.09638269303295;73.40568293130778;28.428803603387507;41.035888615577896
427.4079014243825;22.780157486112184;50.170613541193376;6.409186338084504
-10.822574635151405;14.355959912014493;54.86893386852556;46.05076395409766
-87.79664963487514;34.66478664456832;24.147509551218228;43.54604337287735
319.2453424372108;49.06901263968809;57.306579887952005;32.48838544643794
-221.33702464895362;32.212957755573534;81.50769741289378;93.3674359401969
681.8186086440561;54.44874765437465;71.76477178865775;16.344395680110825
57.85955320711767;3.553255203745709;60.1491087151316;43.57854211915543
-502.10310241643754;19.792780416300747;18.248024563058284;78.48985079452913
57.665313476236356;75.11704604873849;77.26226279480613;93.52932466952431
188.73322491965428;63.91304126849294;97.17478010354608;89.89505940504097
-552.9432914348344;24.209158642884077;21.08438977861874;83.87663890728459
-7.140167302451566;50.39720845799669;4.223918022219286;31.757396628056068
573.3927827246442;98.35119440128052;9.391462814250973;10.016661862601717
206.18599075151621;21.438978702688683;36.96861428662982;18.406433487568652
168.71536191594845;66.65876806752075;12.420508236113136;27.779126945886436
372.548499040018;45.01536764562014;51.37548116627022;29.007559306297516
414.9135956362527;39.20731702780683;79.98391903432056;43.97255818238214
-369.1075750922349;27.47794008741198;25.711541805355942;69.35787944528022
443.05192624590484;39.731872104283894;64.48418773191945;29.120113230026114
-137.95539451125393;8.269372977610578;15.181181098741558;23.51543716044564
145.94548627660907;84.48305458461272;66.63547139919713;83.08837224590059
960.9227875669899;95.65870619188888;78.04227038901516;19.60779290906588
-281.82897802090565;47.40535621473197;52.02156238072385;89.67119239225941
-204.60296994945534;51.430565591106394;20.41584693913111;70.43396973872534
-15.960671273554908;51.52125676184895;41.97660473973093;57.21181597799494
1027.3551682941948;77.94719729886509;95.24923212168078;17.67714415443844
-237.91304588722903;40.72878298477101;70.82866631412803;97.84108117389219
-593.0098495571092;24.0849157805618;14.843448254116964;87.30805134475695
283.25153423420204;56.83037559647036;71.61339876795843;52.48831945967212
-111.05486503214152;8.420727906636948;22.763331282213308;33.092427855559635
116.72149326831912;31.788992066243573;84.94505265659888;63.46746353467451
585.8985192034434;84.97580108308634;48.971789427630476;27.68457627993639
221.97633311699983;67.21682860702096;68.32482523812578;73.92552894713089
436.66511905848716;25.49566211545646;89.93620083416876;35.93130882373045
-19.333275364850294;49.62913513346782;40.2708532843803;66.86863029742393
285.3945124363202;53.42889218035125;79.47420099431343;58.84749846532888
-664.3016249149812;17.435590912454725;8.03830285765933;80.5898227571273
305.61333957130825;77.00458067123267;57.96753171166997;52.58054018362219
350.5222496808052;97.55296524043705;86.73898852978782;83.44508421044675
514.3233232317191;55.59026920949454;98.26042706676891;47.19362691975518
269.74467326035995;29.027286913338514;24.117423199755617;4.346896987741
52.277501473706636;42.212957501984874;96.75868564031042;89.34380053736615
541.2535280008829;85.7138150840925;80.75598523775183;51.693981319437775
-512.9445322635553;27.925543885703753;11.539375888242898;77.77411652807103
277.8182756282404;97.40574957179686;35.33443084312546;57.09104867456845
328.37127980223346;53.999799426415585;33.51995642450297;18.091196686515666
33.15523928091585;10.774349894890921;77.64530802938918;50.7679670923918
-179.40902075124063;18.954670559250452;90.36168223468802;87.57908861435978
766.0091771862562;79.00686963725339;70.40598124699798;18.941823267441514
-457.21685959949014;0.4952955130569481;29.49359037719016;60.22976469141332
19.744271442278155;9.645234436272176;85.52039078006098;58.532219878258196
423.7038597886402;15.806820104721197;79.5026116435574;21.945776257751426
489.8223259741109;62.630038724879064;96.29405510558146;63.64610320744979
513.6248606900242;17.69376956042055;73.97666956555832;13.71147023855407
893.0885329903258;70.38846050541957;72.88335674201264;2.334283205471843
524.2465190158583;44.70851618140719;50.70795905021619;12.342415178714239
527.2941588958741;84.25581911988994;70.2774747124229;48.587977413225794
-511.0986896612424;49.67992532507572;5.624849616866978;83.36728703382515
-529.6083558772297;3.6489203638696566;2.1304714469524866;59.9490694431105
-398.01145461270306;46.12736229891522;43.310351798208224;95.78461224150105
-307.60364986216035;26.522737406901875;11.43574565839801;54.219156831277935
371.272700886664;73.82029512865802;93.09553706936171;72.75055478959274
-14.39674484888107;64.50441100527392;54.87835566755199;85.86401059176454
89.14472412445541;10.891673099074117;4.903082706243367;6.809574638463078
-103.69407809842723;52.22286312029806;50.070503842674576;71.32584970558601
63.87995003826718;20.813683365850256;90.14198649851785;71.50490408379528
128.88330427621486;62.292653497856506;64.86413503378502;71.93914222485941
-46.84780996144774;41.89537653983708;50.29127331714711;71.15998114788488
686.8812147364306;8.53235956642402;90.00874093037268;5.611184132984926
-747.719633664195;4.918910959501588;8.359984714193224;81.09734143727985
550.4498795433298;81.5783313700389;53.56541002021722;29.090927557894986
490.5011726501839;21.870225717958867;73.13096068318403;20.68860290518635
204.36812713151716;98.4074418882027;35.37739830566795;61.435610453630574
397.5035591739784;70.28377292800502;52.71354749556609;38.704222865649726
365.45599838221005;58.828918031393954;41.707067706217046;35.12204916127519
110.98816218371616;88.26672635981032;6.542072410019961;45.40031870614495
885.5355897909403;57.115730784098;84.06337596332496;5.8578944436211255
380.80347053891114;75.10659955698297;37.251260404961606;28.185281261288566
-96.41181948782732;69.83123550077464;4.02233615387062;58.02543906601157
190.9107010408642;71.84550256670427;67.86903067323554;73.29624560159938
-789.2449963653803;2.563203780927059;0.11434362014443034;75.32634662870531
269.83655047969785;11.792948164300576;33.717205600919655;7.94658500885358
560.7418900034975;32.5811197072593;80.18706986706479;24.522224783847292
-107.39958268493835;0.5321678360159954;31.905768579971973;38.053743378647006
-513.3880986721019;26.33238478434865;19.14829437271982;87.35820328924191
321.32654974402635;54.69354552266762;28.695330222354244;28.259859219092775
-325.56873900631814;9.941892260374818;87.62256567487754;99.98587284973152
-237.84099058654502;61.324819638608766;51.11564732235063;92.33166995757665
38.89520396575396;34.858376185531;3.139852671754817;16.921778734355954
-104.93202017877064;96.57156326446106;1.79637806984434;73.99002993193652
694.3851797063267;99.7634787360039;50.68703720375941;32.93957747915055
121.85607598008313;29.391538419557108;27.631335694313485;27.624948927958105
361.1030198112307;82.8696649803325;5.067715075837254;19.16346783645404
-22.289905170092716;90.12514830700657;42.92799432923451;86.44086226933997
114.9770391527864;30.060763249772926;49.97108249014772;39.20964270133194
486.9754568377311;79.24821375902616;44.44351908251639;37.945022723608304
-273.4446802580586;45.64561298841478;53.54734819173821;86.68413745107334
104.10201651568418;53.95265809385015;22.38481659359136;40.37347236773379
-158.28883475761359;79.68737785459737;26.29363850805142;81.75630255447113
132.07658665041907;46.79622600236561;69.63672901663013;64.0949475658424
-50.467019568269066;13.179532372050339;47.32231404844048;45.990065804650214
529.7339131792354;92.5344551307117;30.69751426946804;23.2803809966031
356.5937612321675;95.69075888536301;84.94096939956106;83.86743019496122
100.77197291656196;92.65367871714732;21.018124358711876;67.11541390732738
360.3605920162189;64.55149223923694;96.88684877330964;70.19193860238126
120.01446022454888;41.63580673490463;66.49659491566155;56.103182620227635
-36.9986335503554;0.9492195195382691;7.324642128552384;7.245259627853939
-345.88693941914596;10.47963345923698;23.88482679349093;62.039318946757504
452.8730051148072;48.288207591963385;67.28481058826542;34.76656394460381
-371.20618726122177;2.1745417643593834;47.23841652921826;70.14942917640184
577.9791503750978;72.66500280620349;44.49910926835393;14.710666407566874
205.13007785541015;79.73434390325909;79.75374399664648;90.22173769273337
265.26953658255275;62.721859828411944;79.64225510483602;68.67036388824303
375.7941686415545;9.411433464401298;61.42289216475959;13.029589782887696
473.7253315540807;98.37226675114687;64.3729606010825;57.36726213587905
430.07814379028224;48.65550767407262;98.24127856019227;56.17645634835768
381.0914962526123;90.08826897003016;28.828367343067608;34.44594346956683
381.88201473712314;76.61124112826181;93.40300772749181;70.75107199196309
-250.91429426960235;78.4427652878602;18.38646567110349;84.62113603290906
613.501473360404;35.39322208034591;77.73148570402658;9.285360375619522
841.3784071422438;51.259147206971335;87.30111179302035;4.121392573730986
-501.6107300630059;58.183517860064335;14.052394224272991;98.80521206419577
94.07950466492365;0.25813404277459373;23.604647238619116;5.826900406292834
-290.81165216915355;8.762247130157252;39.64631135965014;58.351156585218334
380.32043701864734;16.300616724842854;59.41990251372262;13.17978036843359
218.15303016333888;36.43775326206814;9.360051903086852;0.4513530957091616
-263.91817337873306;28.261926243697356;62.98735299644714;90.54868923034954
535.6525671419322;40.77162532424508;51.28647396271817;11.693708692008009
60.132660217603785;62.883187112022654;47.37903417361793;70.89895037163089
314.04043724185186;27.948880923819498;40.40144227681589;9.600470011674545
371.7515757569171;22.032182879965813;91.22329416481591;42.0054270091746
502.84350240688997;60.345881991303926;78.81425757401148;45.09380358143974
1056.6745182267766;91.83112629188604;73.59914390654502;4.938208800855537
570.1931085166613;14.449317499713866;89.85592454009877;10.188542857186722
475.4381995144924;80.1491142316698;63.74536662558155;48.460920265502075
132.62577550583165;47.63860586789265;22.651223288880516;35.78438477769853
126.64102696279897;96.74498233494582;35.8616968325814;66.64077249584132
534.9580620988964;40.86203993883512;70.98513790564824;16.156258422481617
-30.281800295714447;59.07597565703869;4.40453613795696;45.13573492649321
185.33073401988872;88.4307874060741;36.58777880041442;55.68497100797922
-366.40156879691136;25.089687230936896;37.548031324952824;83.31129958220654
426.373726324581;44.96649902600125;64.96737311552913;26.271090919798155
193.30391804756238;93.53413530318832;89.93159170736428;97.85126015983238
646.9832296342772;93.47967548528058;15.759289289179524;10.173390118272852
602.9854147249346;52.6510162104343;40.33115032870693;1.6561206585244626
273.76440863210894;14.060632988209932;85.21677996980662;36.7198037818534
425.7297188864266;84.9954955494065;82.6268141755198;62.535173397061286
239.27499118938334;16.692030178230265;71.12324895718814;33.73667288206822
1144.903745044882;78.36141533027872;98.57368123504074;8.845904123430415
1078.5337125882952;89.74916785949641;90.41889843265305;13.766628031894712
-337.20326732415253;33.40054302927287;10.789813265100811;61.53680212621625
-500.6901754747362;48.19945183749847;2.388123729467484;86.9329036659951
387.3061575363596;52.0130044803691;56.23594626591589;35.23162995058444
188.99643232748045;81.81968431359333;49.29210043803661;63.6505460755015
-126.49822931938733;28.64766974757391;47.720646371307;59.84383236589458
342.0658539457523;67.06944218378497;42.499733896585845;36.853228441127186
449.33179439054163;82.81293106207481;26.53842315065922;26.978674238836785
77.36331323345586;92.87705463723859;33.219848780385284;76.94753323691698
1000.460271828894;96.13695940853033;91.66217311024691;23.909492896527716
-93.01256792827691;20.761939506645653;84.20863262453413;82.50565018424913
-336.0110419075619;64.07734883576148;32.30962689937724;98.45358900062408
94.17792725816162;40.437354070574614;18.34530493965778;26.166752143998085
-70.02321929321045;20.562765305679733;40.842099758759254;51.04067915419813
125.07571137628743;33.71895867992299;12.154814522194368;20.192004849793864
404.44184380201887;2.7618625329057678;75.8277960955253;19.35452912770711
476.02359018138276;40.46462720428616;66.14993192159305;25.161648309700023
453.0142236615924;54.878935158552544;14.500495199498076;3.588553667965655
-144.11455691620944;40.58563848811916;1.3216591826124668;45.91221581651115
349.7622110613728;88.11282607509028;54.699402453886336;57.349731290828274
207.63271335738165;24.667920199165305;62.667787368773716;37.916768564471994
478.49723948833383;99.45775426822352;70.84875968511257;67.03797976584674
197.53202339030486;82.68842598118533;42.845999029059335;64.4128608986624
-129.6323281162841;94.79396811391865;1.8174909717031507;73.02899656214133
51.97822179421908;93.8314222466968;43.53784724180307;84.30065378308133
879.2836862582994;87.63699004553494;51.94278150093778;3.3593404236616164
13.963587915254564;96.97913677677005;15.579579723448667;64.77860121265576
315.69662107104364;35.37746520017012;45.09115948394962;23.926804274225933
341.36631838892595;39.61748089177441;31.397062567399235;7.422655244378262
-168.6368914476759;75.62242584718369;53.72554368585909;99.73881603193144
14.154007770684018;54.39433364987841;62.05441988566784;74.29433750599644
30.346090207485048;56.19788523019017;44.10539286541946;62.21297095909352
167.13215962890757;58.81769463975078;43.640826027414356;53.263393727849184
341.83009063636723;75.26132415363695;73.1592755731042;68.52389209718136
833.8965909702864;97.5484135632837;86.11361251165528;39.94756520631954
-156.544478149806;0.42882114593499887;46.37481591011381;52.58291648477511
142.57398193555838;63.491768577898796;60.96921348784744;72.89884674772348
-146.85628188627476;52.69427100186991;48.53801310390801;78.8566627508756
212.0703803626953;89.51048497926377;41.22580095232138;67.8217605895105
738.7008159536015;47.87602338228455;88.7339454286305;23.334117605693038
271.6155747370243;48.95382931188136;95.30871729605262;73.0698512634904
396.597888193989;79.46053204485123;44.121124051232385;42.50447287703475
6.8962849578753875;28.7160860769746;82.21205615254038;69.9894643622027
-404.6643097736035;0.7432184241069284;29.09195862608003;62.123116772833
336.4514686848466;44.70395591394008;55.40371333228126;36.72051138802187
778.3128159213851;56.62961739252279;80.73789287264283;14.302517572962536
351.1825410344197;40.54252681880901;91.9444268547415;55.96372555173872
497.9384035375671;51.67574884540802;29.204017811944937;3.211206644104281
317.9929876795867;12.75651336616912;79.4108982460611;26.6629034855696
81.60591852091859;85.50302401355798;31.546564825771718;66.96950862229943
827.9463137504082;64.5433244687206;66.09472170258675;8.463010005784021
328.86371542999757;94.30582359800546;12.308335613277599;32.84884804347402
88.49863141000885;25.04314102518459;32.17824118321219;32.90350297244363
832.7661730052016;79.50221708801392;55.97582926624152;1.7088487450358625
522.1783181776466;45.94106926403251;97.31245027491082;47.738180737743555
313.37200871769346;29.38788916065279;17.456599164074515;5.970041903706846
329.01454840477527;53.49474962316272;88.7893554085642;68.21365169112661
340.5328150794212;50.82516227480238;41.57203087777902;32.4450856852023
206.95917164825525;7.24985004845029;66.33987640780768;27.653282794638212
-35.77868074426641;69.49831791109462;61.210299992981575;91.30249672888924
71.71858344068224;63.01440729946296;97.9068616690766;96.94630496371938
398.30652422788006;99.22950908365961;10.163257979282402;22.88536950866087
-26.34375690063183;5.622880604897218;77.45044318838228;60.859915062063294
-247.0587977817275;46.69667192718039;56.91477142186503;87.50008501756984
-88.42219083740736;75.52538146988617;26.701067996766692;73.17027218935287
204.29861784129395;84.05495033001507;47.727827312264196;63.57689651377544
28.230958060608614;32.284002931337895;90.01948168470813;80.75261401383767
-351.89363530474515;35.70893832946345;33.22875078524239;86.62849677147342
-85.3707867406224;20.66986540020408;93.39962066072087;91.12519731943104
534.5609531909256;69.64220635137917;90.03850098893558;49.81392297115349
651.1095094563123;48.74591376632951;79.33003181387545;17.81389153601667
-67.48068202506154;17.469787944020766;5.220844927890345;22.991859300440908
-47.04453932065218;38.304094370160854;12.725425081375608;40.446589180459135
108.63335847511281;76.50998390413356;86.79089283556496;92.17884267529732
-502.9156179227795;14.30652500280718;10.329923157836474;62.71381386898657
317.1517521374792;88.56896391618179;25.303441478333543;36.85991449219591
744.8110063321718;58.875556931821336;75.18736949721618;18.01249356241734
555.7761489807348;49.90025984443805;42.49214066084346;9.460564849745323
160.8457711661548;50.555288187611566;69.36837586594903;64.25666526695251
602.054931666616;76.17162861748214;70.80346063920209;35.69553616332893
-320.9796097583435;1.6789680274815089;60.08272532416795;74.75183428707697
-452.8936353192837;19.970147160656836;41.092405464760084;92.1910459805184
2.2044727424314416;30.666836306980027;20.74349046784577;32.134099675398886
631.2948993360726;48.772867864551664;61.44753019679487;3.8882649295543303
-389.0375529222517;15.43672603900288;25.906101989819064;73.46732178179482
635.9979024781769;8.752752388043739;96.35435040155546;5.289746731203571
894.0921396612272;78.40176507800926;60.07692916482858;2.4983900139688764
1049.5946440437997;87.04613490255804;97.59273750969385;12.505701167549354
-95.51900274298113;86.02554155365648;54.71047767957721;98.24166469666284
636.2437190726424;73.47538444543072;98.10990002563679;51.33867476531218
-294.5596187697911;15.778630522613213;14.95718604684917;52.87257104446654
274.3988348776757;15.07341581627275;76.13563206642667;30.120880961116615
416.3899997878565;72.3674512280575;25.97209050050946;27.11388106653525
-128.4607942603004;98.15531034478083;20.497380058474622;94.42266641347575
10.986423223557232;22.173092326575137;30.538546841083804;31.626957114704336
-546.8877769943873;11.23176076139819;14.596539973903278;71.57868489684628
904.7735430575426;76.66390955888302;97.31675242974852;31.979547242415627
381.69630133321436;83.8803675436338;16.771611236391692;23.18726506921974
-603.9429893609159;27.52865283868522;25.821288888536344;92.3162373546748
771.3113100110711;76.3960428069911;94.1733094082655;32.55437502515919
824.1526775760651;98.7534426246362;50.14564866766405;9.543315929986807
132.2154285287182;3.326091225355332;74.30305775284769;44.97047711532676
713.2874503769823;82.02336060810438;82.04852798724889;31.409291698928577
134.1591611827596;52.343033524466684;38.52203555423922;50.4458471617357
-17.585720590312064;39.864578248900465;29.64842048666031;40.9447603609037
138.9768194419118;73.46056510886713;59.8091567707023;70.29089339288335
-207.12857959699164;22.039809236075303;70.00341548636818;89.29922426692663
249.78788535392985;62.62404948657211;90.03663536609359;74.46415111641772
935.6998153995406;90.93195585293566;50.79637333290504;2.3483531540064884
-52.74618533899259;52.65592867728994;21.666155327202752;57.46260262652279
486.792240751539;56.14826917056458;82.8241765229723;46.75551997784453
322.31135371209314;33.3384503136002;54.9552462587271;21.948097390834555
-186.3328533048217;88.5233146254294;7.079527806032848;82.01074675331368
503.93919729272125;1.130382267096064;85.84395035642807;11.259701795182053
382.22085091631754;52.791235907026866;87.70372174855024;50.96454151660213
601.8830863848553;97.82278153661956;63.42861893551069;51.215139149201796
43.921076052425505;29.15602244361464;81.02122579467323;63.86867926033094
630.8180525568282;41.189497210432535;85.53975402078625;16.765225676409145
669.5319917520623;52.27431144860337;71.28320334925371;9.084494967677303
840.481477979473;91.62927630672922;81.88833020472455;32.97682358947447
1036.5146062191711;93.66982626474747;72.082629662427;7.245811846329775
564.3862038364068;45.136793770072735;61.457553009407995;14.506736499550454
-34.189830877257215;75.58994017107526;62.396580091492446;89.4054424060849
190.2844750059574;79.85321022982865;97.26047389078491;96.39140087211337
178.36294381614368;11.890244959320261;64.02481859487787;38.285587230534524
-884.5010755112023;0.7322706012088398;10.018740460946795;96.46805339044062
604.9969125175476;49.271797028885786;82.3580716839085;31.999957989941663
608.5575148964053;89.75411055480338;54.337765473007124;26.22654226047504
-666.2532572188536;12.082369817115312;27.568459978717986;99.56062801288084
204.64304263094942;17.123601684290747;84.14195167858125;50.97757076705906
-340.76579102918845;48.61801645915844;8.402561516892792;74.46215799801182
975.7972142069406;83.27316574116897;79.54217880797671;8.814714926728929
-249.38966214057413;24.06365510119779;5.9818256271807595;42.58115632389633
575.3704567284474;46.005072618051635;65.89311302919789;21.798557297505106
-84.88827411396281;27.088123794339204;43.583559970705885;53.569535188643094
502.2090349010909;16.448906822356324;84.27916215933038;12.822114386348925
142.6196102984767;53.38225279253114;38.563208934262015;41.35401065055137
-187.49199448079906;11.407791836718284;1.249044807638744;33.62390527884992
165.82694511826895;17.756211331054406;45.66472428608922;31.96492146207701
121.16640247255842;63.8786046569616;3.557943608156333;31.708369688613004
794.5855400516618;77.16963437680398;52.74402689916955;11.672714318840793
-40.88485099409806;88.7209767608063;26.294688904172435;81.7813965394536
-319.24122399050356;64.5014062980816;42.787341298904266;96.28910935721409
475.3430180788589;64.28959890575807;88.62055847882044;57.86472439339351
-333.50147904482105;0.31917506794012507;60.40624632894547;79.18136176356178
-163.7376369437181;67.72906058388298;40.16929895047786;90.29180217943542
-252.34957462948285;22.726670826610672;50.50877375640529;78.50830366958486
348.3830228474971;65.52157856146428;41.367781154256356;29.09481513897456
443.8192400024202;81.16300056884313;26.877214618388688;29.631607873243627
546.982167507781;51.81704710911885;88.90115455464353;33.625386115060685
203.94252431935814;82.82858405510412;47.27396070840236;70.45372424333866
307.36085604251053;92.86847327351711;43.40946049796794;59.19908282277853
560.2394961014227;99.9174883867951;38.11579294092968;33.322708017340766
-147.95910972319535;35.90605146889813;45.462912980709255;65.60290053887434
75.63572384572844;78.749982233043;3.3195159973059996;40.63296770681013
211.98988286570884;57.08663035311008;85.47600451010811;74.88652222353494
-207.99268903637562;65.85290765515302;2.6077937724126588;57.766542458875115
372.4382848393074;51.39261112294555;6.275906574114587;0.5567397067739899
275.8408142357635;33.8995963410448;98.9261204604819;57.48331542276283
-17.337310968424347;26.24294771309468;60.2037394340684;64.50859135855977
312.26277120580625;76.48238519194412;40.23056077165494;48.0872884467192
781.3012845514096;77.1526956282915;76.17212836276131;24.091895309983723
775.5450737920643;97.66379226712007;30.77848658207656;10.222007383217024
281.08087168596944;52.52071569295946;15.626847528576116;17.287581231895633
597.4540164293121;30.73612401055562;76.5010914283216;12.889580941314172
854.3871279558891;72.12352000884144;70.40620840737006;13.886713011340868
175.70833563506585;38.42322264459044;71.2311026243635;53.6092730656597
558.5054388346794;36.40149152893004;47.064384092973675;6.436752334977214
-563.7964298913038;24.891156656551804;23.697317540692918;94.70504340452511
938.9174879090065;92.85060147297486;87.77360693386645;23.88572840079226
480.678162609956;13.566587760970272;80.87062566765411;18.40661916743922
-267.54755035313667;1.925294438188363;82.82747223435453;85.6540602615444
878.2928333583402;91.86982912643722;45.504815223219644;0.5462006633551453
331.0308228689439;37.803223493337256;23.029148400488953;4.088742963916914
526.0044729933555;15.14263769819445;93.81354673872991;17.765773841554132
351.5166755905679;73.64165455430938;43.28639357007146;35.89530027902802
237.45172940600514;73.19521715038229;41.42867197675223;48.2931708903939
590.326888128719;87.62148521788646;6.681208721941223;0.6590191246580002
-40.11156657520292;29.299166554630872;88.60690161247273;81.73896484342042
442.92131511786465;24.83532686139761;40.025643361553556;2.1386407461486123
-381.03955906314286;42.63739726761807;5.595258104913414;74.7773946701377
524.2126707885438;23.374891937544895;75.40905922599758;9.406580781941665
167.2010684982079;33.99034087906572;28.3999980941796;22.7091037497383
287.28887663755995;33.37156443273106;43.26439611257723;24.846552266232813
389.28234015709745;13.285259452964448;92.57402182088198;36.484455723136065
526.3087103655349;19.626579969768997;80.50304344228655;20.877860991900675
494.3235290524985;27.41326488248398;53.5157189439619;5.1215490363535565
-224.8454789997578;67.1122868167825;5.953336281585486;73.97519391621549
569.8112745529282;86.11651350301798;50.972116643718415;38.23831396268045
463.36454780164996;59.11739748572721;71.25199955224114;36.34424710399049
511.661261517431;21.131965848070656;92.99023913497788;25.460369132702855
845.3647268321515;59.11227416229071;76.49175617804171;3.95965555949519
-496.3791904289251;24.450548746835523;34.19722346799742;87.20958202396724
-46.84583896136511;73.33070742083339;47.00227012485851;76.69545589978145
229.8502951932516;25.310759726764797;61.99538611923996;38.74795536859058
291.40807516784326;57.077203722698776;94.4015228195592;77.81431198150504
-4.659750260538473;28.072546709010982;14.785223041911422;26.086957373676412
-42.514804450447485;60.86316111919172;69.5037904096453;90.28195717742067
85.84935021879814;16.770909511633235;71.34985920856826;54.03667623584569
307.23600294780766;26.751693708083046;47.30332184482099;23.352780260797324
220.2486936089209;64.05581334795436;9.553672699630777;17.39562613631309
-498.9218086215213;6.912551167280645;49.36599116449424;82.87135858847368
250.08624332028103;59.64550257537869;1.6133026370191095;17.92777710147959
-559.9591102777922;41.3967940737193;2.4068116806652995;79.9859993091959
120.28032830401096;32.452234824074154;51.6820474928122;47.55962797398785
324.53928977795965;15.394245945725949;59.27650536516713;15.529668987323985
249.57539323236432;11.75665964511814;36.202974740225216;8.014365268040645
474.73955341423203;57.10876392342388;21.977293147325526;1.4354887322881593
21.728909114205408;79.31810944029586;76.22238410684976;95.56334975589948
186.14646564057688;68.56267970102878;68.94694169446332;74.68635199872939
-43.08718199162908;22.826631915662077;85.32974028877904;79.55853290363098
448.02391463345066;66.9583024881776;48.63788532416354;26.568004656046483
-189.5597549225186;79.1591264117126;10.46834335321435;76.74811902871697
230.55304156894312;47.41497538774785;41.774067689944474;32.870609885868916
30.356734260486007;16.873982144469203;40.91676376154939;40.531543161312555
883.5006978036199;96.85143975724661;91.95873160601202;33.40982098200524
242.19106308441357;87.98386855761724;36.40109846171926;61.91811443804015
432.60044502356357;60.16625896512642;34.35767211339734;23.239916937169557
683.8078898956096;92.51443410849264;97.87054034825744;58.56152656496182
674.7173915008777;54.7038030342566;98.5704531634654;38.51411156374227
341.45473751199376;6.5391708823753225;61.16871161870036;11.818202185630222
330.00643342250066;29.96104852057835;84.55246363334072;45.439009214163995
210.2514782638915;53.64140589738548;89.23297717188343;78.63320274515159
107.79587640469322;8.189047830331742;85.04395313349657;57.241109208201536
-219.92761809942755;86.28497974329098;28.095295097050087;91.20884154915163
623.1914666786124;99.59379685035529;8.160801583440369;11.021931946158926
551.9379576964437;98.3627086945351;81.80352956366515;56.611682602287104
-621.9490740415741;38.52324017253574;10.899762322531581;90.96872302797128
803.5237013691903;35.364915655388515;96.79520850734137;3.5658121077055793
-303.210681333215;10.067522725681444;54.07349178817093;78.35249525121242
637.320041529388;46.69474135326628;53.24315891538024;3.2564769243204728
125.4101809081697;38.87098074138974;82.67511470851818;75.37401145745456
-352.29421140059134;58.11072662514394;7.585488028284438;80.0584622653664
492.8245225214109;46.34599080654485;95.58678024192324;53.047531085527986
452.8820849332559;81.50328108249923;68.7947839645256;58.061328061379335
659.9500059780031;87.90834090490848;84.28600948241144;52.558951521536045
114.27823565959822;10.554276796778883;67.17942618492376;43.37960453767986
523.1483474640106;45.43710618735165;84.46316403535491;33.51981610300665
-699.2218569941873;0.6137155222144974;36.37388271405789;90.93756413400614
242.35929201712383;60.82695670675419;56.73796579950848;57.35264808685386
598.2796793136106;89.1899760349609;39.98227147900304;22.251433767964034
670.4246835482169;64.04217389539762;66.5145585190272;16.11254605162141
-94.06449918649734;17.170524162183654;12.92005973435969;30.69980035233799
-218.82656437743668;67.5099128405084;43.94305399188462;90.27313888759625
-554.1741251494889;16.25455358156911;41.72537347419585;90.1437618123816
-86.55325310418507;5.265677477328401;10.829273727346145;25.254795873820267
625.2009181612834;12.209801411632192;94.3196856929355;10.881711873459265
1011.2759807565591;72.66885362637014;92.16469158555928;3.0481929159160037
-105.66776781215275;57.253839794083646;61.39200173989421;83.75726022208487
196.12435157779925;38.79769202302678;82.34193751303998;59.131780953640586
291.8824155115341;75.40913232457494;9.628477622049248;23.053043282811593
648.9157036698945;91.21844261000163;96.74505948146955;61.25804799427369
819.9676764049789;52.918673999394905;80.90853198289729;6.693837225684829
-8.56293396108643;41.62971422163195;7.446797342552136;38.59270192015808
48.06441347810865;24.60357824520435;91.49506609617349;70.90750955163145
600.0426059441193;41.424140582692125;66.58795395995777;6.351284116911904
-471.17786418134494;54.43284585248477;9.447826504802205;92.58050923523179
-558.3407778924783;41.038174457006114;31.251948937412287;97.31600611993824
462.82622982274125;45.89793227953417;37.647080281899115;6.466714547147023
79.47430926391989;65.31569994088895;23.16194070566494;54.357153502048725
673.424880294136;84.64503427789987;54.42540811564488;29.33043208320657
-227.44255820749805;27.065821823419057;15.291624519864278;53.6759415220169
338.08287770038845;68.2409565310125;1.6872959916009456;16.498009878696664
679.1558736341943;26.62376465265599;94.75111514176274;9.316145448274737
441.57284367627904;56.61626114124573;60.58769023102217;27.641158909668707
-260.2398437144426;49.87097780610023;48.856243489547644;93.0292540457404
475.364910950663;58.802284614789556;58.150216986963635;24.812260458861168
-84.37048515373597;38.432727287453325;67.66715126563734;74.63000605808551
164.46626901508876;25.718896324471917;39.16239262729149;25.508219767397865
-0.14937521704810308;10.706705313496666;69.86258396575842;52.24825001687415
268.1741680734906;25.07665646036835;34.40940813515171;14.618859855841826
919.3919646230632;55.78222189935757;98.13263754453249;16.302241010026318
-261.23245688760323;4.793761177007239;57.022388332875174;73.21203501152942
145.2626044192944;45.24778080024537;89.23217475055526;73.45806800726993
562.458202308464;60.816718009582985;93.10313068219125;42.515773392710784
523.6126229909206;49.86660616128342;62.254742474790056;24.23569385060724
-425.4233543843656;51.355285331854105;34.071227349793766;93.59064535537352
-379.3538765861855;5.656863795934031;29.29673411089544;58.358924759592576
302.67718703397236;37.38502683688303;32.82335331644052;11.569646533587353
-408.51409810844063;20.05335972029704;42.65398117816851;88.62304029297981
140.17269116819676;76.70194338462069;18.829771990277912;48.362719592428995
-45.57472949058143;2.509971943649081;6.493470776950206;17.01319407083789
338.27653240665256;55.90663347054657;20.81355052956958;12.31727088416652
448.5607538114647;83.9942244442467;74.9853379446784;60.67306776366167
98.95324358998369;35.412676385366794;3.9489100763124174;14.516204487596529
631.2889712512663;97.84882055272396;33.10521187758151;27.464385919759604
0.3298397885880604;86.34256485701599;53.228281594889445;87.83080431592938
428.74446528419185;36.638550366517904;31.994025030608274;0.39231583287505645
21.04602498537882;24.449694581854143;42.81542083600388;43.59246318779246
776.2021251925672;87.53300047088477;49.43011798334057;13.442670198510243
-76.18264627933023;19.78876356370214;46.494817696172696;58.22565102021281
205.13805451506488;44.3152440640153;36.82693063308229;31.218886781193543
-28.008558831383148;53.86743144255489;95.72780686472633;97.26760949764221
-161.35614937369533;23.76889569033388;89.82518229628218;96.0383285200785
345.78564308984176;71.67341248406719;16.33742074449298;23.30032781293926
-198.18337347990604;21.007976469897716;75.61890068338525;90.73736212683268
685.2643310333864;64.97091567308772;46.61236246651362;3.0901036299999185
304.39169902399055;48.74127893156539;62.10192539158109;49.011694671140035
666.6914339414176;77.35051159752125;89.72265072654561;44.26874455530847
296.72230848892366;13.448430352767659;98.57344083396269;49.40280492574237
-89.36185942628492;63.172311671277384;4.2108091014466;56.44757754566251
-38.89307354131482;33.496059059561865;1.9375642351220579;28.197783818825318
844.8934376318941;80.21374805484653;83.1056522174292;24.601607937605873
194.7903069013852;51.62757947333545;22.06396633965644;29.437888494633146
515.6444985448716;80.1134003889492;32.91735843524462;22.646654402640177
-93.89173724707639;44.98654199099656;19.435334143400627;44.33317563457203
388.7400939813315;34.1257659302299;74.77635689127072;34.98891343840177
905.1919600576873;74.06320641481247;89.4963727808076;24.13496679335443
737.9886356789183;98.3122046000164;53.033891419826396;23.93293476486492
-164.23449831317382;41.49359414713785;30.684490367942985;70.15809638674713
-576.3596513228658;14.333450199836495;41.857917955716516;92.15916144513785
597.1449616696948;77.83633681847711;97.47925818129856;51.79653819867922
401.20010658281615;67.67274673881289;94.74280423527505;61.99767044032166
146.37969854425072;58.14463106393533;64.15018505619145;66.91170033039829
597.2793398325405;87.06688728941008;41.174516097171455;24.994769374711957
320.55344093059284;88.44847852632368;44.130476794501796;56.26553135927068
5.655082076749579;54.247566579669126;50.11609676774297;65.97374536124869
243.25436791713577;89.11580831728475;13.21073204465324;37.908023656064124
-693.5107453582948;6.886154535389211;36.006431793725966;96.49734712663168
758.0960218436948;55.349220742960604;85.45259965749598;23.77331656824746
-731.5874431544221;28.917366167279123;3.759362165626523;99.64448593234556
21.194477837329785;76.20768071731992;74.37629593790254;92.57802031048044
104.01073543706212;98.36047471127813;28.66672285636842;65.64618985125608
-107.22465316648498;6.991864644635115;40.67684186833183;50.12182571081132
-563.8186717851416;24.127775208072165;3.5490008349831403;69.45873726701922
724.7204606500961;82.22508109938609;43.21662121438017;5.251026762420585
-172.32096029854077;64.49186561660039;38.26740177279875;88.41949086599607
-35.29611053199237;54.630723073180356;0.24719562706541076;32.959368812153244
956.0044505358404;96.33330321724151;89.50401192325121;21.19225144089496
145.0617039752035;29.382755653323223;87.22702433600243;60.96818267111872
57.76505161532635;65.01550701222722;76.43134878826507;87.38494673164209
-124.49615608852169;81.62653780624375;19.24615123226141;81.31610941116499
791.2564422050198;47.70546191363473;74.40940267040975;9.234343485286278
-541.5107110370179;15.691099202010228;37.80215782000484;93.74296692463065
588.8718805180256;55.62782307900599;88.19245398306178;42.280605769063214
967.0626614637557;91.21692487514535;94.69804087919287;19.669650137252205
984.0992326366227;99.54641430986221;67.67382855763151;15.39168179235162
-270.96629997757015;5.423372555448247;79.66254456446553;92.4922973049625
290.4603783142845;37.789157940646476;91.19014481142177;60.676078534242905
275.3488140899849;29.598173097084057;36.4051349352457;17.255386006678496
-38.67195232928074;96.22261269674752;42.269221526587465;94.64367739230985
530.3730006326583;79.97032195747255;64.14528755465298;46.04766226595133
233.66151014656248;70.45471039625014;59.697641161595726;57.03322769511628
217.92666115483996;35.308743081278514;96.4851716709171;64.03912410801541
47.09954247454846;20.226374994315666;34.63844182395665;25.49563746301611
692.1957715312582;86.0550882409679;44.108436357716805;14.35637809908611
-77.71748614350464;20.2756037322128;96.77896049649745;83.87042909201571
-284.8326719349061;95.60933253832928;7.4261014208676475;88.582568956176
701.4634792295897;90.11470963730723;22.952193159049138;4.795031462187271
229.2458109114411;35.875072405402705;28.187047545096288;13.309083907080687
264.4074932320506;93.26478025173532;19.991954431496197;39.837209855438836
80.8214321755678;87.06154734777051;73.35033607698743;96.42851304846472
230.74950347127972;27.264973546125994;47.62086192753527;22.502943944625166
-72.26156264731137;42.41711059372457;9.2647061945058;35.663564145004756
40.4451943027811;29.707501556635297;62.802455061808516;51.997063616997195
1056.1575663848623;96.40085127778397;69.30054774133639;3.1237442825419515
208.1059586532647;5.787090756785506;59.12958974803731;19.894049281393233
-226.6871241212;3.6588298953135756;79.96559623482614;80.42650272642554
475.3090931379221;37.62782680214875;96.38794607799709;48.83176767568165
648.1465127886889;81.25696587974981;46.40101453326013;16.98386931216458
539.373480533317;30.36506561665828;77.27339536096028;24.352009674533758
-458.9941266953749;16.940612235981135;35.70367571805376;83.43920206993681
98.60047034178017;13.982190317343356;37.07258962114616;30.04331311303452
-329.1963762854762;25.408228412317825;12.763415295356529;57.69887810700946
-93.39833713442648;76.5134413721434;40.52977990066508;88.06853212120778
-193.32095776765863;5.957788825192766;52.05127955077214;66.14259203294509
-95.41574838161924;34.447979646859636;95.70096994684592;97.05023044499582
-259.9628431610208;26.585772208031678;88.46639156203314;97.47463868164755
-72.04314674621239;30.088439592110195;22.363900272988424;48.38707028649169
290.5610727571245;34.63954216408934;81.35503660602318;56.313576736340195
-486.6622927684178;45.326286081404234;6.888717780864983;80.15064712433497
-267.60867309482376;40.23805452423004;53.89967959156247;82.45119446513142
476.3803615944547;70.84821361997022;80.40480205438976;47.099949411421626
-61.02169754325634;18.763369193328494;98.13607885021504;80.25922364614104
222.5212810092744;85.68251120631702;26.913632658084985;44.86608548081807
95.15079592209449;73.22558766889696;34.66802507849239;54.55080824105227
-114.67253422821706;38.991409471609806;0.6561530522223413;36.49504182890981
190.49204688248267;60.447788851278304;88.22766984734807;83.31362516508779
-299.1017786133529;23.078910992729462;70.08083018676304;88.25577796825871
-434.0608921024841;68.26956986227589;9.127334640947982;97.97123344616502
873.8738829357437;83.83750878759832;64.39547689181768;10.545342524423384
289.0082787566422;33.17160800582618;55.5735443770186;26.561213088458636
-280.62821877523703;8.087578548297857;18.99847665354293;49.74997313260978
177.9065261781277;99.23973174833128;44.158134939284544;71.97385067121246
331.32938346606915;23.54043998302394;61.80126299128531;21.101408292929612
268.1081432657985;14.272792864920259;25.840911365431996;2.365475085344515
-112.52425474997204;53.22474720057608;55.64589914238227;85.38762194126396
617.2213369375186;66.14329736410784;52.35792834600228;11.075995874500244
-797.6309846763413;21.651328234910938;0.8346204268026569;93.97093644365307
320.18049640617244;65.17350778677992;22.937420735384894;26.452140867205454
-238.7682852978316;78.43879838726751;44.195943956092286;99.83518350673947
465.5956443844057;77.36733637299807;46.4493265785799;34.821921600447226
-12.016283150069384;81.87398011429954;66.24885944306527;95.03352576180465
198.2167300253507;23.908806669676885;40.767183311187374;20.06473234556143
504.4260923454144;28.37435819074291;90.24692860040066;36.18952569313362
-620.5996832190357;31.4969858515878;26.61648224106159;97.65164461342466
-387.0367081610606;9.77140806392891;38.48808423811162;73.4243949838111
210.10114618133696;2.4736492420969203;38.701928297482034;4.489541502159577
394.92802792924203;54.0016394342703;20.867584969095255;6.369522898523849
89.7819579775931;53.95938056187439;4.95411062975969;21.77161387747345
516.5701355371514;13.0843352295532;92.22946544321915;19.25787928509447
117.05895677117216;57.74745623202045;94.5447108662483;93.11573728432772
-185.0067649510662;3.8237516997802867;45.66541853257754;54.98175361396079
-126.66792207108892;19.3132825252324;89.67357470184862;90.85056121333926
413.8550750604553;48.96222596120834;23.710672010202572;6.35261953292372
468.621064481019;90.03710714609365;98.11858859179056;84.346630282344
-38.68458391055678;37.16536729371871;83.85207877667492;85.699611253903
-389.4518800515466;30.981134519174837;47.272107924723;95.17432273701117
534.0864193693658;64.57846717483466;25.242549280198823;5.143545500995184
438.24590513121814;27.584590519824015;39.929622452912994;5.31884710848467
257.22409289993516;56.75482906777023;11.111898940233667;16.175845454532954
330.53815056538286;24.572055176959417;73.40975780617762;34.23053494266613
-12.689818010517534;76.37517457833269;13.339016570349216;55.323334071785524
170.0988638349497;29.50831428014401;63.16024156041299;51.31616613425691
40.0649750929166;24.280823308425592;56.8657370225772;57.37081540823243
794.9832865075892;81.1207613625131;83.87104766199953;29.56950023366477
226.04920885583616;17.711027422196;50.51241857122418;16.804288622394548
-213.55580489872833;33.64438087438045;40.0615886678781;66.5463828264947
450.61661179575543;87.16410613173777;63.841135761143555;51.11277448689155
662.3970704145852;95.12908012811738;21.87143717953234;4.845254542387245
406.6631590472087;86.80070348730143;76.70392610764515;62.62160695259391
-696.8591566793629;49.6686510667015;0.3994357942895488;99.68146274556837
-253.12679717120085;70.13626462442237;40.74124664660948;98.91521098290914
575.4130748578041;32.094082850902176;91.41843292332817;24.420755946073736
-633.9701111636504;46.79476315171031;19.42301427817952;99.85681968837555
-46.54345227349462;8.16899052628396;31.844315286374115;35.8419856126724
-190.05867279684685;13.388206714906104;21.516293492245243;41.801397521212735
-542.0208753852008;28.477102517424434;24.898683670885802;90.38358056519684
-84.23186307512623;27.696258379333894;3.4916339697104726;25.769709915411564
-183.58374803248702;51.84763681728516;56.919185341850365;91.91946346533703
373.4237788599089;63.55767853431854;16.024801190651782;16.99085650383537
-628.9915752917034;23.813794459462677;21.095956628783075;85.95627838258739
-77.35711207320207;34.161263190134896;34.74383541134082;50.243712896612934
-466.58098851634765;41.82575681159164;32.35546662007348;92.03345414208508
16.519324243186077;40.82948340863333;72.45937519663785;69.10778439828839
60.83559143797049;9.526787334619746;21.46459757995475;14.307868335032959
29.420877207071733;39.765394867130674;65.29816068250311;66.0454734278371
-344.7804840949808;0.712564171222152;64.9790757699443;86.4314569321096
-30.7198898398605;24.79871029798405;24.074384512932046;33.74581701449132
320.661901306035;90.31813218513976;94.98502658547012;88.67519028559381
-493.80398645580647;11.130559327026113;8.958022240661235;58.68803968624826
-14.520595059299623;19.20367001227311;14.028204972453784;17.363633616148267
500.34398542223147;85.79036116203802;20.14404562964177;12.270150405206003
470.1633120830834;98.3825479405485;40.29704701284346;44.698583218201136
226.89106923804064;67.48305190334149;1.6490010776608943;20.887968593170637
373.64653979569675;97.13398078945534;94.0122742947963;90.32001474665233
364.74342474911356;21.431255241476986;80.08418373602929;29.143817832996767
-338.3990318147182;12.401425436937853;63.594081465725274;91.13653176582712
-80.29564507444553;66.70095222095539;6.3181182341672475;57.17458392482237
598.2581977914277;73.74483150964615;96.56906885686215;47.828632185466724
263.4031837956058;84.06818149072768;12.614848591646455;29.37839207095232
101.62038651636132;66.48910255510891;58.517750626180955;70.06392596728203
549.7013384272941;82.2706317435838;9.101530099201572;1.6998343593903287
154.37795560277635;40.587252840863385;88.9452570858608;65.57239346299318
-490.71626031109685;0.4059698674429679;62.98416765303854;99.95401732401997
5.8180772517244606;47.77571160466797;15.574151780929057;42.474657040703725
829.4104362071837;64.88444950385514;84.86652161792128;22.126416361520672
-161.20333078131264;35.98180946741738;72.15364387869047;92.94420920383257
350.6938104762619;22.639315922584668;37.24838034821322;11.770571960308807
476.0285599419754;45.591352642364;49.09314560764856;19.410671767977917
272.4237626128072;65.61940206646254;65.89081995039417;66.3485660856577
-221.11103525905344;45.536610354499615;66.86019148363036;91.98244068904776
392.22924649755856;78.80459606560797;78.99854715821085;60.73977753490766
-481.38096433382475;10.405269335846256;50.022995298705034;85.5130790196839
430.555594089985;29.350516055026034;79.61086174817729;30.105247208993436
470.488998060168;82.02019792025881;76.56800548861324;51.861160829726096
-284.1574814737911;49.99623327061826;50.66205115110114;91.35426173415452
187.4687023649939;31.921008834715327;97.72589408845495;71.81044323129116
-218.3045660550564;73.95993740617087;52.11078414920409;99.11246496058962
332.521965994819;65.69627216572644;98.56131063789569;76.39253160696553
221.34418256025975;58.162678080698946;85.39829949270741;72.43927483679438
497.8384450779134;73.85607511657534;82.02370053078837;48.20609204794742
171.34186219436438;90.42225546743283;29.26915358084767;58.89994601978873
469.08543510018137;78.46777960235679;26.33938761410234;23.463800941790947
302.9102113652965;78.31647872586348;39.69158782639418;48.70125909020682
613.8559995012417;68.95171653527517;30.95194044403299;3.1338426656206453
204.61443908356696;95.05984834381522;85.62706202512842;96.02280013658564
-568.0461904774969;47.25848485928182;10.52169110504132;87.26836960834443
609.5946872319053;25.254464946017674;91.59144872093788;17.846870991408725
402.0706133172231;97.93955265649561;78.61058644179982;73.63601035804955
82.32357347031424;35.07151102006936;65.94588212750942;60.272581386876254
-436.34156089868105;60.297973508859585;1.3534700967361646;84.98690826523352
386.1612918774989;81.68551929633888;34.423527583688085;41.03133127800464
-223.44786871379193;20.980065905214374;49.083240425610995;75.91875778770354
400.23850699203933;86.03542029280537;7.652749743677811;23.66931382103742
400.02108238814833;56.00388987657961;78.67928676357458;53.91555441806014
-376.99418709925203;59.8256730029579;15.997468722040209;88.61997189898449
182.74889105262162;78.54601986316085;91.87246262385767;97.61763335028768
-87.77872372425792;50.66183129231946;35.059130375610536;58.006073420223544
-126.3896630921117;35.51814443206609;65.24455274212411;80.15210675926214
121.31726134803861;7.9805022220896245;91.61232023922287;55.300548480221345
-371.72237869732055;65.7787073989352;3.671195615792222;80.93111422349338
98.92517299924066;73.03251007080733;49.274941173382494;73.7976282223722
62.08687580843743;74.80336461571494;84.38320532473526;97.01074117074516
245.661974256227;80.90013912466874;11.974178733514707;36.977648686638965
117.76344060761038;36.35198885488356;2.6755315565754834;13.764970073035876
-323.42148709550474;13.462746887331623;8.590897775003025;51.159755692294986
179.88611809195407;21.98439824286933;45.80581086177641;33.56533143480151
74.12276159414817;64.80316390383511;38.624109999174024;61.73237316256874
-385.10761860898947;26.86689305740212;43.69385488073875;85.47518819011178
242.08391550079864;8.111389842921913;87.04134528910636;43.118001593183884
-112.2359352077462;28.16431747607433;7.678371738247014;29.526283157335385
595.760437308686;84.92720459208067;83.68663472153047;49.18600094256082
-67.23378015569925;75.36855545276985;4.609979611336302;59.42620775591364
936.8901115436616;60.93891437764185;97.85879971004903;17.296001764202696
-32.86948313408078;95.67679816171463;17.916620099081825;81.88815689350896
-43.348994948115816;30.06287621473136;83.49437740518783;80.92619541769616
106.01341290137472;55.487088523921514;44.66472303247736;55.963736243518404
-0.46834787570807634;81.8344190253005;52.359657276099405;84.79721554724793
-415.39421364129174;56.80246671568652;27.92592624280529;91.21267108681883
237.41067522440073;20.956134388504633;84.73736488503485;47.85423045099449
233.98652512331438;9.55367760118937;70.1016610337945;34.966841110322214
224.07735524955206;51.05788140335809;76.2644251494273;66.55645607083255
-45.206536142856436;99.31926120405414;38.804354758246454;87.89700863746887
-34.02513307592656;90.78092253211257;45.22100557420674;92.23107518310047
144.51730177971987;52.860099454162835;61.45092072727722;60.052958134068604
-370.3451667339072;5.285359893372121;48.80852284819556;76.22431851100764
454.2762887899292;36.53595348440846;89.40747812233562;42.02407659102336
396.63323141676403;91.11605754634017;21.7467524649097;35.146918035911604
309.8220625566413;38.01300415252491;14.762779769369484;3.0948405107840804
609.0193615272257;98.05319217750164;37.86166535527378;25.660730290704727
303.0334234788357;54.54378901821044;43.990027203043766;35.467857883931764
374.9586069005279;34.88084373305645;42.59830445529279;12.257145456365027
-235.51115523307894;23.465123725649505;10.74787089120658;50.052283005801414
372.02721096699213;62.5189335873071;35.25339833356137;19.9533222766792
-25.370314104542672;67.75532047629838;78.40145457326008;97.17857389552914
-41.66385615488332;15.962141855176071;37.77366758830695;42.26584051909391
-381.4504561172753;31.416619761245034;43.342800253059174;86.89971399934225
-334.82047610746235;47.618040522711894;33.79147703597389;91.42447471185481
-115.70186742615941;2.4415303202949046;89.23281444005559;78.10645471414658
-429.41494843794544;47.97755818353715;30.438926481968874;94.91570439684183
446.07908368065284;14.109465838765079;81.33382782575545;18.83584978493815
-145.62364157765415;25.399775289662042;23.412485959092777;51.04874301247674
394.9824890561034;60.415109052086834;55.867430535032014;33.54152752993945
450.87144165996745;65.75183759557707;84.1547810912818;61.58374489660744
-466.1757184995613;24.50381047433178;42.3838268979423;92.49930888391033
-59.89079250266285;17.15624448451044;43.466364611883925;52.621786491168855
149.2820451101378;53.31220176381264;52.625617625816886;54.31410730193858
